"razao_social";"setor";"ranking";"carteira";"score_ise_b3";"capital_humano";"governanca_corporativa_e_alta_gestao";"modelo_de_negocios_e_inovacao";"capital_social";"meio_ambiente";"cdp";"ano";"mudanca_do_clima_cdp_climate_change"
"AERIS IND. E COM. DE EQUIP. GERACAO DE ENERGIA S/A";"Bens Industriais/Máquinas e Equipamentos/Máq. e Equip. Industriais";67;"Não";43,8569110924636;0,566971801346801;0,520127027260179;0,286517857142857;0,486904761904762;0,627893217893218;0,143;2021;NA
"AES BRASIL ENERGIA S.A.";"Utilidade Pública/Energia Elétrica (Geração e Transmissão)";19;"Sim";74,738543811819;0,70881734006734;0,871942916161012;0,758333333333333;0,810582010582011;0,815607142857143;0,714;2021;NA
"ALIANSCE SONAE SHOPPING CENTERS S.A.";"Financeiro e Outros/Exploração de Imóveis";61;"Não";50,6860094649044;0,322428451178451;0,528267470251166;0,464880952380952;0,585674603174603;0,710909090909091;0,429;2021;NA
"AMBEV S.A.";"Consumo Não Cíclico/Bebidas/Cervejas e Refrigerantes";53;"Não";58,8304345322157;0,76489898989899;0,893187223286328;0,846011904761905;0,800950491307634;0,880560064935065;0,857;2021;NA
"AMBIPAR PARTICIPACOES E EMPREENDIMENTOS S/A";"Utilidade Pública/Água e Saneamento";8;"Sim";79,0396040565619;0,7930765993266;0,857590494750821;0,89047619047619;0,84041477702192;0,931818181818182;0,429;2021;NA
"AMERICANAS S.A";"Consumo Cíclico/Comércio/Produtos Diversos";26;"Sim";72,9676645310444;0,628735269360269;0,845580219900872;0,889761904761905;0,722709750566893;0,577272727272727;0,714;2021;NA
"ANIMA HOLDING S.A.";"Consumo Cíclico/Diversos/Serviços Educacionais";65;"Não";47,5880796690535;0,369385521885522;0,537739205347635;0,569940476190476;0,649219576719577;0,3;0,429;2021;NA
"AREZZO INDÚSTRIA E COMÉRCIO S.A.";"Consumo Cíclico/Tecidos, Vestuário e Calçados/Calçados";40;"Sim";64,3850761643041;0,61739898989899;0,784185738689415;0,810357142857143;0,53234126984127;0,689821428571429;0,429;2021;NA
"AZUL S.A.";"Bens Industriais/Transporte/Transporte Aéreo";52;"Sim";58,8883662675227;0,500208333333333;0,650336427710815;0,631488095238095;0,619087301587301;0,418181818181818;0,714;2021;NA
"BCO BRADESCO S.A.";"Financeiro e Outros/Intermediários Financeiros/Bancos";12;"Sim";77,3301717681473;0,675441919191919;0,872412939566472;0,810406746031746;0,844821428571429;0,722727272727273;0,714;2021;NA
"BCO BRASIL S.A.";"Financeiro e Outros/Intermediários Financeiros/Bancos";29;"Sim";71,7748244222023;0,734027777777778;0,856869819115064;0,689616158963585;0,716521164021164;0,595454545454546;0,714;2021;NA
"BCO BTG PACTUAL S.A.";"Financeiro e Outros/Intermediários Financeiros/Bancos";17;"Sim";75,5398223073815;0,587476851851852;0,814782734500805;0,792985211445689;0,83223544973545;0,790909090909091;0,714;2021;NA
"BCO SANTANDER (BRASIL) S.A.";"Financeiro e Outros/Intermediários Financeiros/Bancos";32;"Sim";70,5642550328212;0,514741161616162;0,857511123136123;0,646603738717709;0,73281746031746;0,768181818181818;0,714;2021;NA
"BRASKEM S.A.";"Materiais Básicos/Químicos/Petroquímicos";15;"Sim";76,6937423100919;0,674200336700337;0,83667916222264;0,722217261904762;0,766071428571429;0,745456349206349;0,857;2021;NA
"BRF S.A.";"Consumo Não Cíclico/Alimentos/Carnes e Derivados";27;"Sim";72,7933712463539;0,609816919191919;0,901247137524311;0,694389880952381;0,66104119425548;0,787107142857143;0,714;2021;NA
"CCR S.A.";"Bens Industriais/Transporte/Exploração de Rodovias";20;"Sim";74,643540282682;0,604590028474698;0,814934988728193;0,847773444901845;0,782130291275404;0,827711613755677;0,714;2021;NA
"CENTRAIS ELET BRAS S.A. - ELETROBRAS";"Utilidade Pública/Energia Elétrica (Geração e Transmissão)";39;"Sim";65,0432095236004;0,49693771609137;0,677593907016498;0,752439846745135;0,724455614194371;0,711908438327577;0,714;2021;NA
"CESP - CIA ENERGETICA DE SAO PAULO";"Utilidade Pública/Energia Elétrica (Geração e Transmissão)";63;"Não";48,0749909231491;0,470128367003367;0,658988151877645;0,497827380952381;0,262996031746032;0,565559523809524;0,429;2021;NA
"CIA BRASILEIRA DE DISTRIBUICAO";"Consumo Não Cíclico/Comércio e Distribuição/Alimentos";24;"Sim";74,0509688511138;0,702417164562622;0,799888923017416;0,74246234866991;0,748870890185424;0,706343372094708;0,857;2021;NA
"CIA ENERGETICA DE MINAS GERAIS - CEMIG";"Utilidade Pública/Energia Elétrica (Distribuição)";25;"Sim";73,4168467062681;0,665366584305156;0,800853694925464;0,821071428571429;0,787967000251754;0,615752094322284;0,714;2021;NA
"CIA LOCAÇÃO DAS AMÉRICAS";"Consumo Cíclico/Diversos/Aluguel de carros";58;"Não";54,0680693123035;0,519343434343434;0,600104237273888;0,514166666666667;0,653106184090586;0,386363636363636;0,571;2021;NA
"CIA PARANAENSE DE ENERGIA - COPEL";"Utilidade Pública/Energia Elétrica (Distribuição)";11;"Sim";77,5440008103501;0,711070490302517;0,88333378900109;0,870418835241714;0,781081624648063;0,692735309427623;0,714;2021;NA
"CIA SIDERURGICA NACIONAL";"Materiais Básicos/Siderurgia e Metalurgia/Artefatos de Cobre";41;"Não";64,2827540632341;0,555281986531987;0,729671292375097;0,597043650793651;0,543783068783069;0,717185245310245;0,714;2021;NA
"CIELO S.A.";"Financeiro e Outros/Serviços Financeiros Diversos";36;"Sim";67,2428715958539;0,61502232408647;0,75254889655114;0,814100913506783;0,737918375592555;0,685981786014286;0,429;2021;NA
"COSAN S.A.";"Petróleo, Gás e Biocombustíveis/Exploração, Refino e Distribuição";21;"Sim";74,5806004870286;0,600484006734007;0,7510739870311;0,796172619047619;0,738815192743764;0,695540223665224;0,89275;2021;NA
"CPFL ENERGIA S.A.";"Utilidade Pública/Energia Elétrica (Distribuição)";3;"Sim";81,9873914887589;0,693895243020705;0,874612057208644;0,969173328393189;0,827020052184749;0,879737011826596;0,857;2021;NA
"CSN MINERAÇÃO S.A.";"Materiais Básicos/Mineração/Minerais Metálicos";51;"Não";60,7332300532935;0,520281986531987;0,729671292375097;0,574940476190476;0,489550264550264;0,758549783549783;0,571;2021;NA
"CTEEP - CIA TRANSMISSÃO ENERGIA ELÉTRICA PAULISTA";"Utilidade Pública/Energia Elétrica (Geração e Transmissão)";56;"Não";55,1455179853806;0,59079335016835;0,624683760700518;0,524404761904762;0,67093253968254;0,468916666666667;0,429;2021;NA
"CURY CONSTRUTORA E INCORPORADORA S.A.";"Consumo Cíclico/Construção Civil/Incorporações";71;"Não";37,2641067851774;0,45018728956229;0,543068092501969;0,217113095238095;0,480023384353741;0,545454545454545;0;2021;NA
"DURATEX S.A.";"Materiais Básicos/Madeira e Papel/Madeira";22;"Sim";74,5465243358359;0,661921296296296;0,814089229510425;0,913710317460318;0,649727182539682;0,719343434343434;0,714;2021;NA
"ECORODOVIAS INFRAESTRUTURA E LOGÍSTICA S.A.";"Bens Industriais/Transporte/Exploração de Rodovias";16;"Sim";76,4729391546218;0,694995793124632;0,826692656443444;0,67547619047619;0,779125663544994;0,89808604568805;0,714;2021;NA
"EDP - ENERGIAS DO BRASIL S.A.";"Utilidade Pública/Energia Elétrica (Distribuição)";1;"Sim";90,2503628811033;0,769147845941986;0,91729827485226;0,957319532273692;0,805545757457168;0,965710362341093;1;2021;NA
"ENGIE BRASIL ENERGIA S.A.";"Utilidade Pública/Energia Elétrica (Geração e Transmissão)";10;"Sim";78,221577658704;0,571117424242424;0,876477499830081;0,758928571428572;0,844378306878307;0,785392857142857;0,857;2021;NA
"FLEURY S.A.";"Saúde/Serv.Méd.Hospit.,Análises e Diagnósticos";23;"Sim";74,2655402823795;0,752967171717172;0,846874825724463;0,818482142857143;0,733608276643991;0,875;0,429;2021;NA
"GAFISA S.A.";"Consumo Cíclico/Construção Civil/Incorporações";62;"Não";48,2872633410828;0,476386784511785;0,560224015953182;0,583258928571428;0,657366071428571;0,62;0;2021;NA
"GRENDENE S.A.";"Consumo Cíclico/Tecidos, Vestuário e Calçados/Calçados";47;"Não";62,2049760893964;0,527468434343434;0,563830070895288;0,762738095238095;0,558068783068783;0,891193181818182;0,429;2021;NA
"GRUPO DE MODA SOMA S.A.";"Consumo Cíclico/Comércio/Tecidos, Vestuário e Calçados";70;"Não";38,8899491096761;0,323295454545455;0,543232238272999;0,467142857142857;0,404635487528345;0,309090909090909;0,286;2021;NA
"GUARARAPES CONFECCOES S.A.";"Consumo Cíclico/Comércio/Tecidos, Vestuário e Calçados";59;"Não";53,2706524629718;0,372811447811448;0,531231363409805;0,753710317460317;0,554981859410431;0,722727272727273;0,429;2021;NA
"HYPERA S.A.";"Saúde/Comércio e Distribuição/Medicamentos e Outros Produtos";64;"Não";47,8692288508753;0,550471380471381;0,591151570810765;0,698630952380952;0,558665532879819;0,762272727272727;0,429;2021;NA
"IOCHPE MAXION S.A.";"Consumo Cíclico/Automóveis e Motocicletas";54;"Sim";58,2382423266481;0,433449074074074;0,588262673317021;0,518452380952381;0,499652777777778;0,883477633477634;0,571;2021;NA
"IRANI PAPEL E EMBALAGEM S.A.";"Materiais Básicos/Madeira e Papel/Papel e Celulose";55;"Não";56,8089667236753;0,66339436026936;0,744627770135283;0,636994047619047;0,603353174603175;0,760168650793651;0;2021;NA
"ITAU UNIBANCO HOLDING S.A.";"Financeiro e Outros/Intermediários Financeiros/Bancos";7;"Sim";79,9045492834815;0,702914562289563;0,721657136278606;0,848188365624027;0,906124338624339;0,745454545454545;0,60675;2021;NA
"ITAUSA S.A.";"Financeiro e Outros/Intermediários Financeiros/Bancos";18;"Sim";75,5181491378513;0,702914562289563;0,877591145016417;0,848188365624027;0,906124338624339;0,745454545454545;0,714;2021;NA
"JBS S.A.";"Consumo Não Cíclico/Alimentos/Carnes e Derivados";37;"Não";65,8985374029366;0,547392095450749;0,793965581122923;0,602593823528624;0,585103374124096;0,710857369949801;0,714;2021;NA
"KLABIN S.A.";"Materiais Básicos/Madeira e Papel/Papel e Celulose";6;"Sim";80,808589561941;0,55915404040404;0,756518079344166;0,851547619047619;0,787545634920635;0,89375;1;2021;NA
"LIGHT S.A.";"Utilidade Pública/Energia Elétrica (Distribuição)";42;"Sim";64,1057141196786;0,603261784511785;0,820053284891151;0,674047619047619;0,718373015873016;0,601607142857143;0,429;2021;NA
"LOCAWEB SERVIÇOS DE INTERNET S.A.";"Tecnologia da Informação/Programas e Serviços";68;"Não";40,4037376729104;0,565833333333333;0,563683134833497;0,71875;0,362321428571429;0,213636363636364;0;2021;NA
"LOJAS QUERO-QUERO S/A";"Consumo Cíclico/Comércio/Produtos Diversos";73;"Não";23,1565694221621;0,651746632996633;0,545130676154227;0,29452380952381;0,492437641723356;0,331818181818182;0;2021;NA
"LOJAS RENNER S.A.";"Consumo Cíclico/Comércio/Tecidos, Vestuário e Calçados";2;"Sim";85,1312021426928;0,698705808080808;0,858364114749984;0,99;0,82652947845805;0,877272727272727;0,857;2021;NA
"M.DIAS BRANCO S.A. IND COM DE ALIMENTOS";"Consumo Não Cíclico/Alimentos/Alimentos Diversos";33;"Sim";69,8745423524409;0,636927609427609;0,757842772045138;0,711732142857143;0,633971560846561;0,518636363636364;0,429;2021;NA
"MAGAZINE LUIZA S.A.";"Consumo Cíclico/Comércio/Eletrodomésticos";49;"Sim";61,4685074802136;0,508371212121212;0,832782600853253;0,710366071428571;0,628914871504157;0,759107142857143;0,714;2021;NA
"MARFRIG GLOBAL FOODS S.A.";"Consumo Não Cíclico/Alimentos/Carnes e Derivados";34;"Sim";69,2256983127389;0,694328703703704;0,832500829987243;0,76016369047619;0,710469576719577;0,62400974025974;0,571;2021;NA
"MINERVA S.A.";"Consumo Não Cíclico/Alimentos/Carnes e Derivados";44;"Sim";63,4555653397601;0,563131313131313;0,637538255402439;0,659479166666667;0,572208994708995;0,66097619047619;0,714;2021;NA
"MOVIDA PARTICIPACOES SA";"Consumo Cíclico/Diversos/Aluguel de carros";31;"Sim";70,6240570380573;0,64401936026936;0,766614242406815;0,594047619047619;0,659671291468737;0,859090909090909;0,714;2021;NA
"MRV ENGENHARIA E PARTICIPACOES S.A.";"Consumo Cíclico/Construção Civil/Incorporações";45;"Sim";62,9728779159885;0,541409932659933;0,755350007811645;0,533556547619047;0,509965277777778;0,724090909090909;0,714;2021;NA
"NATURA &CO HOLDING S.A.";"Consumo Não Cíclico/Produtos de Uso Pessoal e de Limpeza/Produtos de Uso Pessoal";5;"Sim";80,8897878630675;0,716147018924542;0,860400360173178;0,859274143046553;0,851084939322595;0,852480810317182;0,714;2021;NA
"NEOENERGIA S.A.";"Utilidade Pública/Energia Elétrica (Distribuição)";14;"Sim";77;0,652379657850452;0,84705589000993;0,887593182932968;0,841439909297052;0,646922358149497;0,857;2021;NA
"NOTRE DAME INTERMEDICA PARTICIPACOES SA";"Saúde/Serv.Méd.Hospit.,Análises e Diagnósticos";66;"Não";46,7181116592077;0,335654461279461;0,563067103488299;0,462738095238095;0,627703373015873;0,390454545454545;0,571;2021;NA
"ODONTOPREV S.A.";"Saúde/Serv.Méd.Hospit.,Análises e Diagnósticos";57;"Não";54,7677544769311;0,501660353535354;0,628330677809844;0,645446428571429;0,596264172335601;0,771363636363636;0,143;2021;NA
"PETROBRAS DISTRIBUIDORA S/A";"Petróleo, Gás e Biocombustíveis/Exploração, Refino e Distribuição";28;"Sim";72,6643648571638;0,663268097643098;0,814742272622707;0,696746031746032;0,807260251322751;0,663845238095238;0,714;2021;NA
"POSITIVO TECNOLOGIA S.A.";"Tecnologia da Informação/Computadores e Equipamentos";72;"Não";33,5394017491164;0,450921717171717;0,368551206073851;0,219791666666667;0,488968253968254;0,707727272727273;0;2021;NA
"RAIA DROGASIL S.A.";"Saúde/Comércio e Distribuição/Medicamentos e Outros Produtos";35;"Sim";67,2934287121561;0,698800505050505;0,777090571214212;0,75577380952381;0,751031746031746;0,625909090909091;0,429;2021;NA
"RUMO S.A.";"Bens Industriais/Transporte/Transporte Ferroviário";30;"Sim";71,1199826185567;0,697643097643098;0,835827096447567;0,861190476190476;0,677976190476191;0,705151515151515;0,714;2021;NA
"SimPAR S.A.";"Financeiro e Outros/Holdings Diversificadas";43;"Sim";63,5325147519679;0,53468296655808;0,734231707068666;0,542640402563254;0,654666807402455;0,767620156174643;0,701075002935431;2021;NA
"SUL AMERICA S.A.";"Financeiro e Outros/Previdência e Seguros/Seguradoras";38;"Sim";65,3173190973941;0,627430555555556;0,662531015599403;0,775655496766608;0,710785714285714;0,713636363636364;0,429;2021;NA
"SUZANO S.A.";"Materiais Básicos/Madeira e Papel/Papel e Celulose";9;"Sim";78,7905640720276;0,689267676767677;0,827316252587992;0,882217261904762;0,656087018140589;0,815545634920635;0,857;2021;NA
"SYN Prop e Tech SA";"Financeiro e Outros/Exploração de Imóveis";69;"Não";39,0569311806238;0,215140993265993;0,514196790193167;0,574017857142857;0,585670634920635;0,577727272727273;0;2021;NA
"TELEFÔNICA BRASIL S.A";"Telecomunicações";4;"Sim";81,71;0,68147095959596;0,900420581330907;0,892261904761905;0,748551587301587;0,82281746031746;0,857;2021;NA
"TIM S.A.";"Telecomunicações";13;"Sim";77,1837846198354;0,653072390572391;0,913134580797624;0,779007936507937;0,787089947089947;0,784722222222222;0,714;2021;NA
"USINAS SID DE MINAS GERAIS S.A.-USimINAS";"Materiais Básicos/Siderurgia e Metalurgia/Siderurgia";50;"Não";61,0832429074651;0,619130360932498;0,742471595498354;0,611982529317999;0,639995994936727;0,622414093762325;0,429;2021;NA
"VAMOS LOCAÇÃO DE CAMINHÕES, MÁQUINAS E EQUIP. S.A.";"Bens Industriais/Serviços/Serviços Diversos";60;"Não";53,1483296277997;0,467916666666667;0,75298700645168;0,510595238095238;0,687268518518518;0,695454545454545;0,429;2021;NA
"VIA VAREJO S.A.";"Consumo Cíclico/Comércio/Eletrodomésticos";48;"Sim";61,969441177846;0,640191498316498;0,775538524542814;0,663720238095238;0,686534391534391;0,523181818181818;0,429;2021;NA
"WEG S.A.";"Bens Industriais/Máquinas e Equipamentos/Motores , Compressores e Outros";46;"Sim";62,7761637833505;0,552409511784512;0,777764108040376;0,651170634920635;0,674652777777778;0,879813311688312;0,429;2021;NA
"AERIS IND. E COM. DE EQUIP. GERACAO DE ENERGIA S/A";"Bens Industriais/Máquinas e Equipamentos/Máq. e Equip. Industriais";52;"Sim";70,5600535635862;0,82645202020202;0,708097081059037;0,651994047619047;0,74360119047619;0,874458874458875;NA;2022;0,429
"AES BRASIL ENERGIA S.A.";"Utilidade Pública/Energia Elétrica (Geração e Transmissão)";18;"Sim";80,162393883881;0,772106481481482;0,931839532503758;0,783333333333333;0,835119047619048;0,773345238095238;NA;2022;0,714
"ALIANSCE SONAE SHOPPING CENTERS S.A.";"Financeiro e Outros/Exploração de Imóveis";59;"Sim";68,1681734311716;0,541999158249158;0,721452719482611;0,7675;0,729047619047619;0,759090909090909;NA;2022;0,571
"AMBEV S.A.";"Consumo não Cíclico/Bebidas/Cervejas e Refrigerantes";67;"Sim";63,2328037218157;0,673874158249158;0,805157574301863;0,57453869047619;0,599729780801209;0,711668019480519;NA;2022;0,429
"AMBIPAR PARTICIPACOES E EMPREENDIMENTOS S/A";"Utilidade Pública/Água e Saneamento";7;"Sim";83,3995590673321;0,800673400673401;0,859849922621662;0,88452380952381;0,784983229402872;0,959943181818182;NA;2022;0,714
"AMERICANAS S.A";"Consumo Cíclico/Comércio/Produtos Diversos";12;"Não*";82,0664701678871;0,738636363636364;0,917944095457682;0,917126984126984;0,861462585034013;0,631818181818182;NA;2022;0,857
"AREZZO INDÚSTRIA E COMÉRCIO S.A.";"Consumo Cíclico/Comércio/Tecidos, Vestuário e Calçados";35;"Sim";75,9289398906247;0,765540824915825;0,825421398247485;0,764484126984127;0,645380952380952;0,840909090909091;NA;2022;0,714
"AZUL S.A.";"Bens Industriais/Transporte/Transporte Aéreo";47;"Sim";73,5955710332735;0,68964436026936;0,790722357234506;0,693898809523809;0,72292328042328;0,804545454545454;NA;2022;0,714
"B3 S.A. - BRASIL, BOLSA, BALCÃO";"Financeiro e Outros/Serviços Financeiros Diversos";42;"Sim";75,274204606451;0,661517255892256;0,772161541658824;0,813305224867725;0,755468253968254;0,8;NA;2022;0,714
"BCO BRADESCO S.A.";"Financeiro e Outros/Intermediários Financeiros/Bancos";8;"Sim";83,2542029281519;0,749558080808081;0,892088930845724;0,887364904295051;0,856785714285714;0,895454545454545;NA;2022;0,714
"BCO BRASIL S.A.";"Financeiro e Outros/Intermediários Financeiros/Bancos";21;"Sim";79,3405926042921;0,792781986531987;0,888591702807056;0,796863814970433;0,809107142857143;0,759090909090909;NA;2022;0,714
"BCO BTG PACTUAL S.A.";"Financeiro e Outros/Intermediários Financeiros/Bancos";37;"Sim";75,8187812279977;0,630050505050505;0,862614172260911;0,845300099206349;0,900343915343915;0,881818181818182;NA;2022;0,429
"BCO PAN S.A.";"Financeiro e Outros/Intermediários Financeiros/Bancos";9;"Sim";83,2389419557898;0,77924031986532;0,839033156356526;0,901572420634921;0,874126984126984;0,886363636363636;NA;2022;0,714
"BCO SANTANDER (BRASIL) S.A.";"Financeiro e Outros/Intermediários Financeiros/Bancos";16;"Sim";80,5811590454693;0,700915404040404;0,900558444172575;0,930244660364146;0,911878306878307;0,677272727272727;NA;2022;0,714
"BRASKEM S.A.";"Materiais Básicos/Químicos/Petroquímicos";30;"Não*";76,972243745251;0,700094696969697;0,838218102348537;0,790029761904762;0,793055555555555;0,782936507936508;NA;2022;0,714
"BRF S.A.";"Consumo não Cíclico/Alimentos/Carnes e Derivados";32;"Sim";76,1929973693108;0,66584595959596;0,932912784679089;0,73941369047619;0,747407407407407;0,772;NA;2022;0,714
"CAMIL ALIMENTOS S.A.";"Consumo não Cíclico/Alimentos/Alimentos Diversos";75;"Não";52,940515291475;0,523421717171717;0,642515715296512;0,42125;0,52869992441421;0,631543560606061;NA;2022;0,429
"CCR S.A.";"Bens Industriais/Transporte/Exploração de Rodovias";15;"Sim";80,7420804315486;0,674192328310487;0,865093740421952;0,952176875815799;0,821018851876475;0,862488211357128;NA;2022;0,714
"CENTRAIS ELET BRAS S.A. - ELETROBRAS";"Utilidade Pública/Energia Elétrica (Geração e Transmissão)";23;"Sim";78,818583930959;0,749169587477835;0,879076744923425;0,892727314727994;0,758625354872119;0,735516033856164;NA;2022;0,714
"CIA BRASILEIRA DE DISTRIBUICAO";"Consumo não Cíclico/Comércio e Distribuição/Alimentos";26;"Sim";77,9297494285007;0,746212121212121;0,849027836595771;0,813876488095238;0,766342356386999;0,714826163419913;NA;2022;0,7855
"CIA ENERGETICA DE MINAS GERAIS - CEMIG";"Utilidade Pública/Energia Elétrica (Distribuição)";22;"Sim";78,8909334767287;0,707513362403653;0,814712214871701;0,926190476190476;0,791372249507779;0,63666770563011;NA;2022;0,857
"CIA PARANAENSE DE ENERGIA - COPEL";"Utilidade Pública/Energia Elétrica (Distribuição)";14;"Sim";81,1654449022358;0,754823395635826;0,920994553323;0,97750566437185;0,837209038520976;0,665394042282496;NA;2022;0,714
"CIA SANEAMENTO DE MINAS GERAIS-COPASA MG";"Utilidade Pública/Água e Saneamento";76;"Não";50,6417565478224;0,420433501683502;0,538271877243798;0,621041666666667;0,516459986772487;0,388219696969697;NA;2022;0,714
"CIA SANEAMENTO DO PARANA - SANEPAR";"Utilidade Pública/Água e Saneamento";68;"Sim";60,972081669002;0,565151515151515;0,717945631260849;0,714285714285714;0,665740740740741;0,566201298701299;NA;2022;0,429
"CIELO S.A. - INSTITUIÇÃO DE PAGAMENTO";"Financeiro e Outros/Serviços Financeiros Diversos";46;"Sim";74,099932512615;0,629653917801584;0,786413477643595;0,87747961602206;0,752732891281399;0,685716048008262;NA;2022;0,714
"COGNA EDUCAÇÃO S.A.";"Consumo Cíclico/Diversos/Serviços Educacionais";70;"Sim";59,214049475497;0,541313131313131;0,685536176115886;0,702857142857143;0,598681972789116;0,595454545454545;NA;2022;0,429
"Companhia Brasileira de Alumínio";"Materiais Básicos/Mineração/Minerais Metálicos";5;"Sim";86,020661535777;0,780450336700337;0,866519874926804;0,895059523809524;0,7875;0,831709956709957;NA;2022;1
"COSAN S.A.";"Petróleo, Gás e Biocombustíveis/Exploração, Refino e Distribuição";38;"Sim";75,7758146561329;0,665243895717974;0,824751402182008;0,708563614780201;0,766442827565581;0,727347862981559;NA;2022;0,854199276140652
"CPFL ENERGIA S.A.";"Utilidade Pública/Energia Elétrica (Distribuição)";6;"Sim";84,8736938622123;0,741867418592885;0,90788535053539;0,974894685458128;0,833968538720174;0,919805638426158;NA;2022;0,714
"CTEEP - CIA TRANSMISSÃO ENERGIA ELÉTRICA PAULISTA";"Utilidade Pública/Energia Elétrica (Geração e Transmissão)";17;"Sim";80,2796096623731;0,765204124579125;0,802861476327282;0,886577380952381;0,815443121693122;0,689690476190476;NA;2022;0,857
"DEXCO S.A.";"Materiais Básicos/Madeira e Papel/Madeira";28;"Sim";77,6192538741452;0,701083754208754;0,843389118932597;0,945952380952381;0,714434523809524;0,738295454545454;NA;2022;0,714
"DIAGNOSTICOS DA AMERICA S.A.";"Saúde/Serv.Méd.Hospit.,Análises e Diagnósticos";69;"Sim";59,8693600574288;0,655850168350168;0,755876636447289;0,629613095238095;0,758223497732426;0,762727272727273;NA;2022;0,429
"ECORODOVIAS INFRAESTRUTURA E LOGÍSTICA S.A.";"Bens Industriais/Transporte/Exploração de Rodovias";25;"Sim";78,2513759155365;0,707408549560138;0,812485233371362;0,856428571428571;0,794236250393878;0,930910682355991;NA;2022;0,714
"EDP - ENERGIAS DO BRASIL S.A.";"Utilidade Pública/Energia Elétrica (Distribuição)";1;"Não*";89,9926961119832;0,843415133815636;0,930709597181364;0,970828790188138;0,845958376883158;0,951649868650699;NA;2022;0,857
"ENEVA S.A";"Utilidade Pública/Energia Elétrica (Geração e Transmissão)";40;"Sim";75,6177123248561;0,605214478814159;0,816547095783497;0,864272359682283;0,837962962962963;0,744894758808984;NA;2022;0,714
"ENGIE BRASIL ENERGIA S.A.";"Utilidade Pública/Energia Elétrica (Geração e Transmissão)";10;"Sim";82,7148853256077;0,733880471380472;0,882408150801493;0,877357142857143;0,875628306878307;0,879619047619047;NA;2022;0,714
"EZ TEC EMPREEND. E PARTICIPACOES S.A.";"Consumo Cíclico/Construção Civil/Incorporações";83;"Não";34,0967860005955;0,328030303030303;0,422776124338624;0,336279761904762;0,456172760770975;0,585;NA;2022;0,429
"FLEURY S.A.";"Saúde/Serv.Méd.Hospit.,Análises e Diagnósticos";36;"Sim";75,8969623047823;0,756344696969697;0,85453815675736;0,84389880952381;0,749126984126984;0,920909090909091;NA;2022;0,429
"GAFISA S.A.";"Consumo Cíclico/Construção Civil/Incorporações";71;"Sim";59,1036053469477;0,491578282828283;0,678744549532593;0,598005952380952;0,674796626984127;0,674090909090909;NA;2022;0,429
"GETNET ADQ. E SERV MEIOS DE PGTO S.A - INST PGTO.";"Financeiro e Outros/Serviços Financeiros Diversos";80;"Não";42,0780617510509;0,581792929292929;0,617596252378861;0,695456349206349;0,396722222222222;0,513636363636364;NA;2022;0
"GRENDENE S.A.";"Consumo Cíclico/Tecidos, Vestuário e Calçados/Calçados";56;"Sim";69,0230693901286;0,581313131313131;0,693331433729984;0,841904761904762;0,691005291005291;0,904829545454546;NA;2022;0,429
"GRUPO DE MODA SOMA S.A.";"Consumo Cíclico/Comércio/Tecidos, Vestuário e Calçados";73;"Não";55,5990968309444;0,435300925925926;0,560716157894866;0,72593253968254;0,518178004535147;0,381818181818182;NA;2022;0,714
"GUARARAPES CONFECCOES S.A.";"Consumo Cíclico/Comércio/Tecidos, Vestuário e Calçados";57;"Sim";68,7052794281567;0,667887205387205;0,70384308328715;0,812142857142857;0,610807256235828;0,613636363636364;NA;2022;0,714
"HYPERA S.A.";"Saúde/Comércio e Distribuição/Medicamentos e Outros Produtos";61;"Sim";66,2062091886632;0,495955387205387;0,726563989511227;0,692678571428571;0,621031746031746;0,722142857142857;NA;2022;0,714
"IGUATEMI S.A.";"Financeiro e Outros/Exploração de Imóveis/Intermediação Imobiliária";77;"Não";50,2210694331165;0,590702861952862;0,502576816299642;0,463511904761905;0,456563492063492;0,570909090909091;NA;2022;0,429
"IOCHPE MAXION S.A.";"Consumo Cíclico/Automóveis e Motocicletas";51;"Sim";70,9076358954503;0,637773569023569;0,725585919479781;0,723928571428571;0,520486111111111;0,932683982683983;NA;2022;0,714
"IRANI PAPEL E EMBALAGEM S.A.";"Materiais Básicos/Embalagens";41;"Sim";75,5406383974319;0,708691077441078;0,82450913116674;0,683988095238095;0,786121031746032;0,815128968253968;NA;2022;0,714
"ITAU UNIBANCO HOLDING S.A.";"Financeiro e Outros/Intermediários Financeiros/Bancos";19;"Sim";80,153002479172;0,724873737373738;0,875591921413932;0,846394384142546;0,898320105820106;0,75;NA;2022;0,714
"ITAUSA S.A.";"Financeiro e Outros/Holdings Diversificadas";20;"Sim";79,7703402791071;0,724873737373738;0,747366316394167;0,846394384142546;0,896335978835979;0,75;NA;2022;0,82125
"JBS S.A.";"Consumo não Cíclico/Alimentos/Carnes e Derivados";48;"Não";71,8374274106323;0,611293568376975;0,821290410719558;0,701424874386034;0,668338471772046;0,761417438476608;NA;2022;0,857
"KLABIN S.A.";"Materiais Básicos/Madeira e Papel/Papel e Celulose";4;"Sim";86,0439578235774;0,68364898989899;0,807375384277558;0,962529761904762;0,817694444444444;0,891388888888889;NA;2022;1
"LIGHT S.A.";"Utilidade Pública/Energia Elétrica (Distribuição)";63;"Não*";64,7438152193382;0,6246632996633;0,819527121433502;0,691904761904762;0,706468253968254;0,613065476190476;NA;2022;0,429
"LOCAWEB SERVIÇOS DE INTERNET S.A.";"Tecnologia da Informação/Programas e Serviços";82;"Não";34,6449520072403;0,684353956228956;0,533108019572014;0,502738095238095;0,760912698412698;0,345454545454545;NA;2022;0,143
"LOJAS QUERO-QUERO S/A";"Consumo Cíclico/Comércio/Produtos Diversos";81;"Não";36,840288818133;0,64910563973064;0,613538676751992;0,347103174603175;0,519365079365079;0,490909090909091;NA;2022;0,143
"LOJAS RENNER S.A.";"Consumo Cíclico/Comércio/Tecidos, Vestuário e Calçados";3;"Sim";86,6450040245201;0,712373737373737;0,911039810632202;0,974027777777778;0,876077097505669;0,868181818181818;NA;2022;0,857
"M.DIAS BRANCO S.A. IND COM DE ALIMENTOS";"Consumo não Cíclico/Alimentos/Alimentos Diversos";29;"Sim";77,4134800011353;0,742455808080808;0,868413593753268;0,778342261904762;0,763510015117158;0,778087121212121;NA;2022;0,714
"MAGAZINE LUIZA S.A.";"Consumo Cíclico/Comércio/Eletrodomésticos";31;"Sim";76,4803321778865;0,794381313131313;0,844298706526967;0,808160714285714;0,737070105820106;0,690909090909091;NA;2022;0,714
"MARFRIG GLOBAL FOODS S.A.";"Consumo não Cíclico/Alimentos/Carnes e Derivados";27;"Sim";77,8914916722435;0,560633417508418;0,833642127799737;0,873758928571428;0,688240740740741;0,860214285714286;NA;2022;0,857
"MINERVA S.A.";"Consumo não Cíclico/Alimentos/Carnes e Derivados";58;"Sim";68,2218659252849;0,556786616161616;0,715373884329021;0,693005952380952;0,643895502645503;0,77025;NA;2022;0,714
"MOVIDA PARTICIPACOES SA";"Consumo Cíclico/Diversos/Aluguel de carros";53;"Sim";70,3593647058443;0,581024831649832;0,733771469720958;0,735297619047619;0,712013416477702;0,745454545454545;NA;2022;0,714
"MRV ENGENHARIA E PARTICIPACOES S.A.";"Consumo Cíclico/Construção Civil/Incorporações";45;"Sim";74,3316904098413;0,708087121212121;0,888666099399795;0,696770833333333;0,740831916099773;0,854545454545454;NA;2022;0,571
"NATURA &CO HOLDING S.A.";"Consumo não Cíclico/Produtos de Uso Pessoal e de Limpeza/Produtos de Uso Pessoal";24;"Sim";78,4227784734602;0,674795288187921;0,781619814812459;0,802334387323856;0,771875062435654;0,81774215564772;NA;2022;0,857
"NEOENERGIA S.A.";"Utilidade Pública/Energia Elétrica (Distribuição)";33;"Sim";76,0886746805862;0,689960035822599;0,85459230537438;0,893438309712203;0,817976548617257;0,692633306615848;NA;2022;0,857
"ODONTOPREV S.A.";"Saúde/Serv.Méd.Hospit.,Análises e Diagnósticos";72;"Não";58,3819883930003;0,57209595959596;0,650686928811929;0,747678571428572;0,678548752834467;0,710909090909091;NA;2022;0,143
"PORTO SEGURO S.A.";"Financeiro e Outros/Previdência e Seguros/Seguradoras";74;"Não";54,6653971565203;0,523695286195286;0,567349935692327;0,554811507936508;0,54597619047619;0,659090909090909;NA;2022;0,429
"RAIA DROGASIL S.A.";"Saúde/Comércio e Distribuição/Medicamentos e Outros Produtos";34;"Sim";76,0063969772966;0,761921296296296;0,804476694677102;0,789702380952381;0,778854875283446;0,711428571428571;NA;2022;0,714
"RAÍZEN S.A.";"Consumo não Cíclico/Agropecuária/Agricultura";39;"Sim";75,7562275360908;0,665130471380472;0,827784138834863;0,696455357142857;0,768219954648526;0,73078373015873;NA;2022;0,857
"Rede DOr São Luiz S.A.";"Saúde/Serv.Méd.Hospit.,Análises e Diagnósticos";50;"Sim";70,9294142780783;0,611245791245791;0,778889053585678;0,763958333333333;0,625398951247165;0,762272727272727;NA;2022;0,714
"RUMO S.A.";"Bens Industriais/Transporte/Transporte Ferroviário";43;"Sim";74,8002669574454;0,68324494949495;0,807297041977748;0,851011904761905;0,745535714285714;0,686926406926407;NA;2022;0,714
"SANTOS BRASIL PARTICIPACOES S.A.";"Bens Industriais/Transporte/Serviços de Apoio e Armazenagem";60;"Sim";66,2606386200176;0,641603535353536;0,709844621313611;0,51389880952381;0,543836805555555;0,995454545454546;NA;2022;0,571
"SENDAS DISTRIBUIDORA S.A.";"Consumo não Cíclico/Comércio e Distribuição/Alimentos";54;"Sim";70,1412915883672;0,72522095959596;0,831515399857791;0,607547619047619;0,681043083900227;0,649150432900433;NA;2022;0,714
"SIMPAR S.A.";"Financeiro e Outros/Holdings Diversificadas";65;"Sim";63,761906514268;0,540276832505781;0,711767204781761;0,650634678073997;0,62865706073576;0,678473855549963;NA;2022;0,714
"SLC AGRICOLA S.A.";"Consumo não Cíclico/Agropecuária/Agricultura";55;"Sim";69,5805901865943;0,575284090909091;0,827614786582178;0,690982142857143;0,800068027210884;0,709886363636363;NA;2022;0,571
"SUZANO S.A.";"Materiais Básicos/Madeira e Papel/Papel e Celulose";13;"Sim";81,8031814030326;0,754545454545455;0,881337181337181;0,871502976190476;0,736116780045351;0,807688492063492;NA;2022;0,857
"SYN PROP E TECH S.A.";"Financeiro e Outros/Exploração de Imóveis";78;"Não";48,6041559632441;0,240014730639731;0,538906163951454;0,588303571428571;0,542297619047619;0,577727272727273;NA;2022;0,429
"TELEFÔNICA BRASIL S.A";"Telecomunicações";2;"Sim";87,6686676765934;0,752209595959596;0,888995120720664;0,851507936507937;0,885462962962963;0,881944444444445;NA;2022;1
"TIM S.A.";"Telecomunicações";11;"Sim";82,1594463876167;0,769760101010101;0,917030227220445;0,882876984126984;0,857010582010582;0,788888888888889;NA;2022;0,714
"TRÊS TENTOS AGROINDUSTRIAL S/A";"Consumo não Cíclico/Agropecuária/Agricultura";79;"Não";45,1550014568605;0,500399831649832;0,528556473551945;0,556979166666666;0,445680272108843;0,534684343434343;NA;2022;0,143
"USINAS SID DE MINAS GERAIS S.A.-USIMINAS";"Materiais Básicos/Siderurgia e Metalurgia/Siderurgia";62;"Sim";66,0225293906398;0,722448316284977;0,806856990848222;0,65159782954427;0,773295372083068;0,578153254677852;NA;2022;0,429
"VAMOS LOCAÇÃO DE CAMINHÕES, MÁQUINAS E EQUIP. S.A.";"Consumo Cíclico/Diversos/Aluguel de carros";66;"Sim";63,6447682483914;0,438190235690236;0,734375849593241;0,724880952380952;0,648148148148148;0,559090909090909;NA;2022;0,714
"VIA S.A";"Consumo Cíclico/Comércio/Eletrodomésticos";64;"Sim";64,4398655380728;0,618411195286195;0,787977550369987;0,633958333333333;0,780681216931217;0,616363636363636;NA;2022;0,429
"VIBRA ENERGIA S.A.";"Petróleo, Gás e Biocombustíveis/Exploração, Refino e Distribuição";49;"Sim";71,3257189519418;0,663110269360269;0,823506611142481;0,669503968253968;0,761529431216931;0,647892857142857;NA;2022;0,714
"WEG S.A.";"Bens Industriais/Máquinas e Equipamentos/Motores , Compressores e Outros";44;"Sim";74,7253815036726;0,554598063973064;0,832899212971677;0,77656746031746;0,732787698412698;0,872670454545455;NA;2022;0,714
"AERIS IND. E COM. DE EQUIP. GERACAO DE ENERGIA S/A";"Bens Industriais/Máquinas e Equipamentos/Máq. e Equip. Industriais";50;"Não";73,2609526604157;0,81489898989899;0,735880773312838;0,756160714285714;0,786772959183673;0,872943722943723;NA;2023;0,429
"AES BRASIL ENERGIA S.A.";"Utilidade Pública/Energia Elétrica (Geração e Transmissão)";18;"Sim";81,4958630101238;0,779166666666667;0,930985907591556;0,883333333333333;0,797301587301587;0,784964285714286;NA;2023;0,714
"ALIANSCE SONAE SHOPPING CENTERS S.A.";"Financeiro e Outros/Exploração de Imóveis";63;"Sim";67,9543738242625;0,47388468013468;0,791844689127298;0,774434523809524;0,720643990929705;0,745454545454545;NA;2023;0,571
"AMBEV S.A.";"Consumo não Cíclico/Bebidas/Cervejas e Refrigerantes";74;"Sim";64,0128498305583;0,713015572390573;0,814914542709193;0,57453869047619;0,597634164777022;0,711668019480519;NA;2023;0,429
"AMBIPAR PARTICIPACOES E EMPREENDIMENTOS S/A";"Utilidade Pública/Água e Saneamento";6;"Sim";85,4879150838714;0,810496632996633;0,938890718782023;0,96172619047619;0,815667044595616;0,888494318181818;NA;2023;0,714
"AREZZO INDÚSTRIA E COMÉRCIO S.A.";"Consumo Cíclico/Comércio/Tecidos, Vestuário e Calçados";41;"Sim";76,5421235113135;0,704429713804714;0,797356457954284;0,877599206349207;0,63550566893424;0,863636363636364;NA;2023;0,714
"ATACADÃO S.A.";"Consumo não Cíclico/Comércio e Distribuição/Alimentos";67;"Não";66,1418942238365;0,763299663299664;0,821284173254282;0,878303571428571;0,80129724111867;0,704329004329004;NA;2023;0
"AUREN ENERGIA S.A.";"Utilidade Pública/Energia Elétrica (Geração e Transmissão)";64;"Sim";67,6974541736252;0,594023569023569;0,785131693487672;0,637767857142857;0,696864606953893;0,634059523809524;NA;2023;0,714
"AZUL S.A.";"Bens Industriais/Transporte/Transporte Aéreo";36;"Sim";78,1185646766392;0,741066919191919;0,818078363866407;0,790714285714286;0,741436130007558;0,881818181818182;NA;2023;0,714
"B3 S.A. - BRASIL, BOLSA, BALCÃO";"Financeiro e Outros/Serviços Financeiros Diversos";19;"Sim";81,4881090058626;0,661759259259259;0,854264925392643;0,868943452380952;0,82668253968254;0,963636363636364;NA;2023;0,714
"BCO BRADESCO S.A.";"Financeiro e Outros/Intermediários Financeiros/Bancos";12;"Sim";83,6687912276973;0,773705808080808;0,924461578452747;0,885155253073451;0,854623015873016;0,868181818181818;NA;2023;0,714
"BCO BRASIL S.A.";"Financeiro e Outros/Intermediários Financeiros/Bancos";16;"Sim";82,3336941458438;0,808712121212122;0,901395113793212;0,869215880796763;0,833062169312169;0,813636363636364;NA;2023;0,714
"BCO BTG PACTUAL S.A.";"Financeiro e Outros/Intermediários Financeiros/Bancos";34;"Sim";78,7195810834673;0,687847222222222;0,917097377763139;0,872699652777778;0,916530612244898;0,9;NA;2023;0,429
"BCO PAN S.A.";"Financeiro e Outros/Intermediários Financeiros/Bancos";4;"Sim";86,4276068788297;0,807575757575758;0,867874396135266;0,909489087301587;0,909444444444444;0,977272727272727;NA;2023;0,714
"BCO SANTANDER (BRASIL) S.A.";"Financeiro e Outros/Intermediários Financeiros/Bancos";14;"Sim";82,7261593197702;0,714551767676768;0,907160960014221;0,969933035714286;0,885196523053666;0,772727272727273;NA;2023;0,714
"BRASKEM S.A.";"Materiais Básicos/Químicos/Petroquímicos";32;"Não";79,4747608597311;0,736079545454546;0,869217472342472;0,854360119047619;0,818866213151927;0,775962301587302;NA;2023;0,714
"BRF S.A.";"Consumo não Cíclico/Alimentos/Carnes e Derivados";39;"Sim";76,997946103672;0,583228114478115;0,898439231863145;0,825901785714286;0,790236205593348;0,808071428571428;NA;2023;0,714
"CAMIL ALIMENTOS S.A.";"Consumo não Cíclico/Alimentos/Alimentos Diversos";72;"Sim";64,4118444936897;0,615898569023569;0,748364598364598;0,649526785714286;0,605718065003779;0,816202651515151;NA;2023;0,429
"CCR S.A.";"Bens Industriais/Transporte/Exploração de Rodovias";21;"Sim";81,4660482178115;0,712118457140646;0,894496485771627;0,951476218209769;0,869387911224286;0,79132751698905;NA;2023;0,714
"CEA MODAS S.A.";"Consumo Cíclico/Comércio/Tecidos, Vestuário e Calçados";62;"Sim";68,3841453484117;0,624526515151515;0,840349045580024;0,86468253968254;0,708126984126984;0,636363636363636;NA;2023;0,429
"CENTRAIS ELET BRAS S.A. - ELETROBRAS";"Utilidade Pública/Energia Elétrica (Geração e Transmissão)";33;"Sim";79,2148115209854;0,748322670417632;0,863174272306873;0,902930990461328;0,789583812602884;0,73487694547041;NA;2023;0,714
"CIA BRASILEIRA DE DISTRIBUICAO";"Consumo não Cíclico/Comércio e Distribuição/Alimentos";17;"Sim";81,7834490802982;0,79207702020202;0,903669458560763;0,862729166666666;0,780781840513983;0,710749458874459;NA;2023;0,857
"CIA ENERGETICA DE MINAS GERAIS - CEMIG";"Utilidade Pública/Energia Elétrica (Geração e Transmissão)";31;"Sim";79,5512398660303;0,662478956228956;0,827079846163702;0,926190476190476;0,789581065759637;0,710744047619048;NA;2023;0,857
"CIA PARANAENSE DE ENERGIA - COPEL";"Utilidade Pública/Energia Elétrica (Distribuição)";15;"Sim";82,418545235774;0,772529677984579;0,923345799172126;0,979072576975174;0,875134274213088;0,681030385801471;NA;2023;0,714
"CIA SANEAMENTO DE MINAS GERAIS-COPASA MG";"Utilidade Pública/Água e Saneamento";61;"Sim";68,5336336878845;0,544444444444445;0,75283345881172;0,760327380952381;0,748708191609977;0,591704545454545;NA;2023;0,714
"CIA SANEAMENTO DO PARANA - SANEPAR";"Utilidade Pública/Água e Saneamento";75;"Sim";63,815175634419;0,648316498316498;0,773207774889161;0,728005952380952;0,704195247543462;0,546185064935065;NA;2023;0,429
"CIELO S.A. - INSTITUIÇÃO DE PAGAMENTO";"Financeiro e Outros/Serviços Financeiros Diversos";40;"Sim";76,5867666840132;0,668924687477118;0,7942262840822;0,925894664519657;0,762539655889087;0,729620709072728;NA;2023;0,714
"COGNA EDUCAÇÃO S.A.";"Consumo Cíclico/Diversos/Serviços Educacionais";66;"Sim";66,1510211768429;0,617514730639731;0,741093746732334;0,731428571428571;0,631842403628118;0,818181818181818;NA;2023;0,429
"Companhia Brasileira de Alumínio";"Materiais Básicos/Mineração/Minerais Metálicos";3;"Sim";87,3094090055141;0,799694865319866;0,880013253654558;0,917678571428571;0,848293650793651;0,792884199134199;NA;2023;1
"COSAN S.A.";"Petróleo, Gás e Biocombustíveis/Exploração, Refino e Distribuição";20;"Sim";81,4661682274643;0,740337278266796;0,872654770480701;0,832296976468844;0,828249528888171;0,760097183024095;NA;2023;0,854334356519252
"CPFL ENERGIA S.A.";"Utilidade Pública/Energia Elétrica (Distribuição)";10;"Sim";84,741380782827;0,754538627591621;0,923835431515544;0,948897143481474;0,844468847549459;0,898742796831521;NA;2023;0,714
"CTEEP - CIA TRANSMISSÃO ENERGIA ELÉTRICA PAULISTA";"Utilidade Pública/Energia Elétrica (Geração e Transmissão)";27;"Sim";80,4645208096505;0,791109006734007;0,820386863916076;0,874672619047619;0,754893235071807;0,729809523809524;NA;2023;0,857
"CYRELA BRAZIL REALTY S.A.EMPREEND E PART";"Consumo Cíclico/Construção Civil/Incorporações";81;"Não";61,0959508582016;0,655376683501684;0,786843429730258;0,674449404761905;0,663360260770975;0,742727272727273;NA;2023;0,143
"DEXCO S.A.";"Materiais Básicos/Madeira e Papel/Madeira";35;"Sim";78,5778101245622;0,738510101010101;0,859983439467135;0,938015873015873;0,732514172335601;0,731645021645022;NA;2023;0,714
"DIAGNOSTICOS DA AMERICA S.A.";"Saúde/Serv.Méd.Hospit.,Análises e Diagnósticos";84;"Não";58,3742084342887;0,636298400673401;0,804981099818056;0,48297619047619;0,554651360544218;0,594545454545454;NA;2023;0,429
"ECORODOVIAS INFRAESTRUTURA E LOGÍSTICA S.A.";"Bens Industriais/Transporte/Exploração de Rodovias";23;"Sim";81,0847939047497;0,783350263012609;0,823307688426274;0,878060093600676;0,816406095877349;0,924051122316578;NA;2023;0,714
"EMPREENDIMENTOS PAGUE MENOS S.A.";"Saúde/Comércio e Distribuição/Medicamentos e Outros Produtos";90;"Não";51,5188273254332;0,604724326599327;0,725104859411925;0,7175;0,636300453514739;0,4075;NA;2023;0
"ENAUTA PARTICIPAÇÕES S.A.";"Petróleo, Gás e Biocombustíveis/Exploração, Refino e Distribuição";51;"Sim";72,332156062176;0,654482323232323;0,834448268767322;0,627162698412698;0,803347978080121;0,706488095238095;NA;2023;0,714
"ENEVA S.A";"Utilidade Pública/Energia Elétrica (Geração e Transmissão)";44;"Sim";75,9578212529384;0,573306928249869;0,780776013735233;0,917973591729434;0,794980622098391;0,776432119363375;NA;2023;0,714
"ENGIE BRASIL ENERGIA S.A.";"Utilidade Pública/Energia Elétrica (Geração e Transmissão)";5;"Sim";86,2606349537784;0,804671717171717;0,934992646116967;0,947023809523809;0,843640400604686;0,931309523809524;NA;2023;0,714
"EQUATORIAL ENERGIA S.A.";"Utilidade Pública/Energia Elétrica (Distribuição)";80;"Sim";61,5226945949753;0,630161518286892;0,683336853056829;0,837822259122713;0,750702808237909;0,554620430451993;NA;2023;0,429
"EZ TEC EMPREEND. E PARTICIPACOES S.A.";"Consumo Cíclico/Construção Civil/Incorporações";93;"Não";45,0691610867893;0,283808922558923;0,622538739273341;0,382544642857143;0,439035572562358;0,689545454545454;NA;2023;0,429
"FLEURY S.A.";"Saúde/Serv.Méd.Hospit.,Análises e Diagnósticos";38;"Sim";77,3842390495211;0,791477272727273;0,86912597768576;0,857589285714286;0,802679988662132;0,893181818181818;NA;2023;0,429
"GAFISA S.A.";"Consumo Cíclico/Construção Civil/Incorporações";82;"Sim";59,8332525440183;0,517483164983165;0,748620652696739;0,645059523809524;0,666960742630386;0,771818181818182;NA;2023;0,429
"GOL LINHAS AEREAS INTELIGENTES S.A.";"Bens Industriais/Transporte/Transporte Aéreo";85;"Não";56,6888261965323;0,495271464646465;0,71172095567476;0,445892857142857;0,50646164021164;0,85;NA;2023;0,571
"GRENDENE S.A.";"Consumo Cíclico/Tecidos, Vestuário e Calçados/Calçados";55;"Sim";70,7069933909737;0,658712121212121;0,751371700964092;0,897619047619048;0,582137188208617;0,923579545454545;NA;2023;0,429
"GRUPO DE MODA SOMA S.A.";"Consumo Cíclico/Comércio/Tecidos, Vestuário e Calçados";79;"Sim";61,7602735646667;0,444884259259259;0,641911447550034;0,744583333333333;0,592055555555555;0,568181818181818;NA;2023;0,714
"GUARARAPES CONFECCOES S.A.";"Consumo Cíclico/Comércio/Tecidos, Vestuário e Calçados";52;"Sim";72,2233489796976;0,718486952861953;0,762249329148106;0,898948412698413;0,653352607709751;0,586363636363636;NA;2023;0,714
"HELBOR EMPREENDIMENTOS S.A.";"Consumo Cíclico/Construção Civil/Incorporações";95;"Não";39,5149118602328;0,24743265993266;0,621595100033133;0,341830357142857;0,592093253968254;0,692727272727273;NA;2023;0
"HYPERA S.A.";"Saúde/Comércio e Distribuição/Medicamentos e Outros Produtos";56;"Sim";69,8726433945858;0,509728535353535;0,768066009364696;0,760535714285714;0,644314058956916;0,795714285714286;NA;2023;0,714
"IGUATEMI S.A.";"Financeiro e Outros/Exploração de Imóveis";69;"Sim";65,7690885800229;0,696271043771044;0,766260299684213;0,674672619047619;0,661304988662131;0,718636363636364;NA;2023;0,429
"IOCHPE MAXION S.A.";"Consumo Cíclico/Automóveis e Motocicletas";42;"Sim";76,1586546915648;0,720065235690236;0,779846825642861;0,790595238095238;0,589975907029478;0,975036075036075;NA;2023;0,714
"IRANI PAPEL E EMBALAGEM S.A.";"Materiais Básicos/Embalagens";48;"Sim";74,3284437126117;0,755345117845118;0,849146681619508;0,735029761904762;0,815856859410431;0,825049603174603;NA;2023;0,714
"ITAU UNIBANCO HOLDING S.A.";"Financeiro e Outros/Intermediários Financeiros/Bancos";24;"Sim";80,9024445539818;0,761868686868687;0,908593063790075;0,857859525754746;0,861825396825397;0,75;NA;2023;0,714
"ITAUSA S.A.";"Financeiro e Outros/Holdings Diversificadas";25;"Sim";80,5938619625153;0,761868686868687;0,782828108302088;0,857859525754746;0,861825396825397;0,75;NA;2023;0,82125
"JALLES MACHADO S.A.";"Consumo não Cíclico/ Alimentos Processados /Açucar e Alcool";91;"Não";51,2865031270889;0,674137205387205;0,781798989083995;0,829241071428571;0,661310468631897;0,9;NA;2023;0
"JSL S.A.";"Bens Industriais/Transporte/Transporte Rodoviário";73;"Sim";64,2163492797939;0,529819023569024;0,699031332998724;0,549732142857143;0,596762093726379;0,763636363636364;NA;2023;0,714
"KLABIN S.A.";"Materiais Básicos/Madeira e Papel/Papel e Celulose";8;"Sim";85,3177765715421;0,669949494949495;0,796090171905389;0,975029761904762;0,776806689342403;0,901190476190476;NA;2023;1
"LOCAWEB SERVIÇOS DE INTERNET S.A.";"Tecnologia da Informação/Programas e Serviços";92;"Não";48,982075116553;0,701273148148148;0,647145105297279;0,472440476190476;0,638836923658352;0,490909090909091;NA;2023;0,143
"LOJAS QUERO-QUERO S/A";"Consumo Cíclico/Comércio/Produtos Diversos";94;"Não";44,3229363981081;0,528087121212121;0,614974282216729;0,405753968253968;0,535742630385487;0,431818181818182;NA;2023;0,143
"LOJAS RENNER S.A.";"Consumo Cíclico/Comércio/Tecidos, Vestuário e Calçados";2;"Sim";87,8208626800889;0,760921717171717;0,945239598364598;0,979583333333333;0,86287074829932;0,863636363636364;NA;2023;0,857
"M.DIAS BRANCO S.A. IND COM DE ALIMENTOS";"Consumo não Cíclico/Alimentos/Alimentos Diversos";47;"Sim";74,3796826174841;0,732544191919192;0,880264569870548;0,824875;0,777789115646258;0,768191287878788;NA;2023;0,714
"MAGAZINE LUIZA S.A.";"Consumo Cíclico/Comércio/Eletrodomésticos";43;"Sim";76,0320024626378;0,744570707070707;0,839478735334714;0,809172619047619;0,752425359032502;0,702272727272727;NA;2023;0,714
"MARFRIG GLOBAL FOODS S.A.";"Consumo não Cíclico/Alimentos/Carnes e Derivados";29;"Sim";79,9084693522776;0,563804713804714;0,899692251186817;0,855866071428571;0,734002267573696;0,884142857142857;NA;2023;0,857
"MARISA LOJAS S.A.";"Consumo Cíclico/Comércio/Tecidos, Vestuário e Calçados";96;"Não";29,2169025996433;0,36707702020202;0,467525082606604;0,462440476190476;0,509841836734694;0,140909090909091;NA;2023;0
"MINERVA S.A.";"Consumo não Cíclico/Alimentos/Carnes e Derivados";54;"Sim";71,6869184778655;0,554267676767677;0,752195495018385;0,753794642857143;0,737064436885865;0,789892857142857;NA;2023;0,714
"MITRE REALTY EMPREENDIMENTOS E PARTICIPAÇÕES S.A.";"Consumo Cíclico/Construção Civil/Incorporações";76;"Sim";63,8034943744064;0,568125;0,663999815267931;0,577410714285714;0,676037769274376;0,913636363636364;NA;2023;0,429
"MOVIDA PARTICIPACOES SA";"Consumo Cíclico/Diversos/Aluguel de carros";57;"Sim";69,8363536404168;0,545281986531987;0,735892961708179;0,801964285714286;0,624860166288738;0,768181818181818;NA;2023;0,714
"MRV ENGENHARIA E PARTICIPACOES S.A.";"Consumo Cíclico/Construção Civil/Incorporações";45;"Sim";75,7901408189905;0,760044191919192;0,900138156931635;0,717217261904762;0,746736111111111;0,852272727272727;NA;2023;0,571
"NATURA &CO HOLDING S.A.";"Consumo não Cíclico/Produtos de Uso Pessoal e de Limpeza/Produtos de Uso Pessoal";13;"Sim";83,5166984803317;0,750894663608418;0,872932955998723;0,871359499686683;0,883655435475663;0,838589757959524;NA;2023;0,857
"NEOENERGIA S.A.";"Utilidade Pública/Energia Elétrica (Geração e Transmissão)";9;"Sim";84,9667138490163;0,794308268141002;0,894771674412649;0,898838711700693;0,873077127799719;0,780007048886918;NA;2023;0,857
"ODONTOPREV S.A.";"Saúde/Serv.Méd.Hospit.,Análises e Diagnósticos";87;"Não";55,0662956847759;0,686742424242424;0,644340630685739;0,773422619047619;0,644489795918367;0,779090909090909;NA;2023;0,143
"OMEGA ENERGIA S.A. (Serena)";"Utilidade Pública/Energia Elétrica (Geração e Transmissão)";60;"Sim";68,6825992318681;0,481702441077441;0,784359805351653;0,81547619047619;0,622393707482993;0,703023809523809;NA;2023;0,714
"PBG S/A";"Bens Industriais/Engenharia e Construção/Produtos para Construção";88;"Não";51,9847826180318;0,569844276094276;0,643486135945375;0,676636904761905;0,583895975056689;0,645223665223665;NA;2023;0
"PORTO SEGURO S.A.";"Financeiro e Outros/Previdência e Seguros/Seguradoras";70;"Sim";65,0192594386972;0,628829966329966;0,628552554915247;0,702384259259259;0,716934240362812;0,795454545454545;NA;2023;0,429
"RAIA DROGASIL S.A.";"Saúde/Comércio e Distribuição/Medicamentos e Outros Produtos";28;"Sim";80,1452061164552;0,757723063973064;0,850402568320367;0,878988095238095;0,829027210884354;0,778571428571428;NA;2023;0,714
"RAIZEN S.A.";"Consumo não Cíclico/Agropecuária/Agricultura";22;"Sim";81,3019760013872;0,75401936026936;0,850067183219357;0,829556547619047;0,833777777777778;0,753697691197691;NA;2023;0,857
"Rede DOr São Luiz S.A.";"Saúde/Serv.Méd.Hospit.,Análises e Diagnósticos";26;"Sim";80,4973349178092;0,704343434343434;0,866996815332413;0,923482142857143;0,727835884353741;0,893181818181818;NA;2023;0,714
"RUMO S.A.";"Bens Industriais/Transporte/Transporte Ferroviário";30;"Sim";79,8845496023032;0,742904040404041;0,870699359014576;0,866309523809524;0,759636243386243;0,83952380952381;NA;2023;0,714
"SANTOS BRASIL PARTICIPACOES S.A.";"Bens Industriais/Transporte/Serviços de Apoio e Armazenagem";58;"Sim";69,355189987721;0,704964225589226;0,75193563481607;0,62202380952381;0,625024092970522;0,886363636363636;NA;2023;0,571
"SENDAS DISTRIBUIDORA S.A.";"Consumo não Cíclico/Comércio e Distribuição/Alimentos";53;"Sim";72,2085043412036;0,69804292929293;0,88768462314658;0,672130952380952;0,717989417989418;0,642662337662338;NA;2023;0,714
"SIMPAR S.A.";"Financeiro e Outros/Holdings Diversificadas";71;"Sim";64,9357738142265;0,517661285410222;0,700993155142025;0,716365891926114;0,616148028753862;0,730879258104791;NA;2023;0,714
"SLC AGRICOLA S.A.";"Consumo não Cíclico/Agropecuária/Agricultura";37;"Sim";77,7736311030048;0,720223063973064;0,895408340652906;0,800803571428571;0,817575963718821;0,861406926406926;NA;2023;0,571
"SUZANO S.A.";"Materiais Básicos/Madeira e Papel/Papel e Celulose";7;"Sim";85,3192231362974;0,83582702020202;0,887523788610745;0,909895833333333;0,751773809523809;0,877132936507936;NA;2023;0,857
"TELEFÔNICA BRASIL S.A";"Telecomunicações";1;"Sim";89,1591016223683;0,741761363636364;0,901940062503921;0,930396825396826;0,894892290249433;0,880555555555556;NA;2023;1
"TIM S.A.";"Telecomunicações";11;"Sim";84,0720925176541;0,787941919191919;0,930657441391137;0,905734126984127;0,907380952380952;0,798611111111111;NA;2023;0,714
"TRÊS TENTOS AGROINDUSTRIAL S/A";"Consumo não Cíclico/Agropecuária/Agricultura";86;"Não";56,0031142965775;0,586500420875421;0,675036815707105;0,7740625;0,582269841269841;0,59931727994228;NA;2023;0,143
"ULTRAPAR PARTICIPACOES S.A.";"Petróleo, Gás e Biocombustíveis/Exploração, Refino e Distribuição";77;"Sim";63,4107322936391;0,620696289461604;0,826897805224867;0,60003812179686;0,626703021887041;0,616553117017361;NA;2023;0,714
"UNIPAR CARBOCLORO S.A.";"Materiais Básicos/Químicos/Químicos Diversos";89;"Não";51,923224421704;0,458785774410774;0,642990202229333;0,331848214285714;0,628304988662131;0,624464285714286;NA;2023;0,429
"USINAS SID DE MINAS GERAIS S.A.-USIMINAS";"Materiais Básicos/Siderurgia e Metalurgia/Siderurgia";65;"Sim";66,6380552319337;0,732315112618599;0,806324647727231;0,662619904245296;0,770999692374377;0,597023956950519;NA;2023;0,429
"VAMOS LOCAÇÃO DE CAMINHÕES, MÁQUINAS E EQUIP. S.A.";"Consumo Cíclico/Diversos/Aluguel de carros";68;"Sim";66,0088470302482;0,450079966329966;0,748203844559343;0,789166666666666;0,640898526077097;0,618181818181818;NA;2023;0,714
"VIA S.A (Grupo Casas Bahia)";"Consumo Cíclico/Comércio/Eletrodomésticos";59;"Sim";68,7587216573516;0,745654461279461;0,828387777555576;0,681577380952381;0,783630952380952;0,657272727272727;NA;2023;0,429
"VIBRA ENERGIA S.A.";"Petróleo, Gás e Biocombustíveis/Exploração, Refino e Distribuição";46;"Sim";74,5555290625619;0,734511784511785;0,855618948281992;0,768115079365079;0,731193074452003;0,669892857142857;NA;2023;0,714
"WEG S.A.";"Bens Industriais/Máquinas e Equipamentos/Motores , Compressores e Outros";49;"Sim";74,0307503302521;0,562815656565657;0,819894532802142;0,772400793650794;0,745148809523809;0,827585227272727;NA;2023;0,714
"WILSON SONS S.A.";"Bens Industriais/Transporte/Serviços de Apoio e Armazenagem";78;"Sim";61,8125447990049;0,612556818181818;0,743119528292762;0,718452380952381;0,637253047052154;0,695454545454545;NA;2023;0,714
"YDUQS PARTICIPACOES S.A.";"Consumo Cíclico/Diversos/Serviços Educacionais";83;"Não";59,3242422421867;0,637005471380471;0,730987165260263;0,843333333333333;0,611764928193499;0,736363636363636;NA;2023;0
